Date,Emission value _Natural gas,Emission value _Landfill gas,Emission value _Liquefied petroleum gas,Emission value _#2 fuel oil,Emission value _ #6 fuel oil,Emission value _Kerosene,"Emission value _Wood
","Emission value _Anthracite coal
","Emission value _Bituminous coal
","Emission value _Sub-bituminous coal
",Emission value _Lignite coal,Emission value _Lime stone,Emission value _Iron,Emission Value_liquid or gas Fuel,Emission Value_Solid fuel,Emission Value_Stationary Combustion,"Emission value _Gasoline
","Emission value _Diesel
","Emission value _Ethanol / Methanol / LPG
","Emission value _CNG / LNG
",Emission value _Biodiesel,"Emission value _Gasoline
","Emission value _Diesel
","Emission value _Ethanol / Methanol / LPG
","Emission value _CNG / LNG
",Emission value _Biodiesel,Emission value _Diesel,Emission value _CNG / LNG,Emission value _LPG,Emission value _Biodiesel,Emission value _Diesel,Emission value _Gasoline,Emission value _Ethanol / Methanol CNG / LNG,Emission value _LPG,Emission value _Biodiesel,Emission value _Ethanol / Methanol CNG / LNG,Emission value _LPG,Emission value _Biodiesel,Emission value _Residual fuel oil,Emission value _Gasoline for 2-stroke equipment,Emission value _Gasoline for 4-stroke equipment,Emission value _Diesel,Emission value _Jet fuel for aircraft,Emission value _Aviation gasoline for aircraft,Emission value _Gasoline for airport equipment,Emission value _Diesel for airport equipment,Emission value _LPG for airport equipment,Emission value _Gasoline for 2-stroke equipment,Emission value _Gasoline for 4-stroke equipment,Emission value _Diesel,Emission value _LPG,Emission value _Gasoline for off-road trucks,Emission value _Diesel for off-road trucks,Emission value _Gasoline for 2-stroke equipment,Emission value _Gasoline for 4-stroke equipment,Emission value _Diesel,Emission value _LPG,Emission value _Gasoline,Emission value _Diesel,Emission value _Gasoline for 2-stroke equipment,Emission value _Diesel,Emission value _LPG,Emission value _Gasoline for 4-stroke equipment,Emission value _Gasoline for 2-stroke equipment,Emission value _Gasoline for 4-stroke equipment,Emission value _Diesel,Emission value _LPG,Emission value _Gasoline for 2-stroke equipment,Emission value _Gasoline for 4-stroke equipment,Emission value _Diesel,"Emission value _ 
Gasoline for 2-stroke equipment
",Emission value _Gasoline for 4-stroke equipment,Emission value _Diesel,Emission value _LPG,Emission Value_Car,Emission Value_Light-duty trucks,Emission Value_Medium-duty trucks,Emission Value_Bus,Emission Value_Motorcycle,Emission Value_Ship or boat,Emission Value_Aircrafts,Emission Value_Agriculture equipment,Emission Value_Construction or mining equipment,Emission Value_Lawn and garden equipment,Emission Value_Industrial or commercial equipment,Emission Value_Logging equipment,Emission Value_Recreational equipment,Emission Value_Mobile Sources,Emission Value_R-22,Emission Value_R-407C,Emission Value_R-410A,Emission Value_R-22,Emission Value_R-134A,Emission Value_Refrigeration,Emission_Scope1
2019-01,1112672.4,173403.49,93926.89,34680.7,17340.35,13005.26,9913.8,3539226.6,4391813.4,1080604.2,892242,344400,2029500,1445029.09,12287700,13732729.09,94970.52,16280.66,21707.55,1356.72,1356.72,58860.85,343354.97,78481.14,4905.07,4905.07,489505.21,95513.21,5969.58,59695.76,3506.6,6136.56,27176.18,6574.88,438.33,0,0,0,0,128366.75,128366.75,0,0,0,0,0,0,0,0,0,0,0,0,667.92,2003.77,4675.47,20705.66,5009.43,333.96,0,0,0,0,0,0,184096.71,20455.19,9768.4,3256.13,312588.69,0,0,0,0,135672.18,490507.1,650683.76,43832.55,0,256733.5,0,0,33396.23,0,204551.9,13024.53,325613.22,2154014.95,50961.36,20166.18,19267.05,38694.67,31469.52,160558.79,16047302.83
2019-02,111267.24,17340.35,9392.69,3468.07,1734.03,1300.53,991.38,353922.66,439181.34,108060.42,89224.2,34440,202950,144502.91,1228770,1373272.91,9497.05,1628.07,2170.75,135.67,135.67,5886.09,34335.5,7848.11,490.51,490.51,48950.52,9551.32,596.96,5969.58,350.66,613.66,2717.62,657.49,43.83,0,0,0,0,12836.68,12836.68,0,0,0,0,0,0,0,0,0,0,0,0,66.79,200.38,467.55,2070.57,500.94,33.4,0,0,0,0,0,0,18409.67,2045.52,976.84,325.61,31258.87,0,0,0,0,13567.22,49050.71,65068.38,4383.25,0,25673.35,0,0,3339.62,0,20455.19,1302.45,32561.32,215401.5,5096.14,2016.62,1926.71,3869.47,3146.95,16055.88,1604730.28
2019-03,1338825.33,208648.1,113017.72,41729.62,20864.81,15648.61,11928.8,4258581.6,5284458.4,1300239.2,1073592,414400,2442000,1738734.19,14785200,16523934.19,114273.47,19589.74,26119.65,1632.48,1632.48,70824.44,413142.56,94432.59,5902.04,5902.04,588998.14,114926.47,7182.9,71829.04,4219.33,7383.82,32699.79,7911.24,527.42,0,0,0,0,154457.55,154457.55,0,0,0,0,0,0,0,0,0,0,0,0,803.68,2411.04,5625.77,24914.13,6027.61,401.84,0,0,0,0,0,0,221514.74,24612.75,11753.84,3917.95,376122.98,0,0,0,0,163247.82,590203.66,782936.55,52741.6,0,308915.11,0,0,40184.08,0,246127.48,15671.79,391794.77,2591822.87,61319.36,24265,23183.12,46559.44,37865.77,193192.69,19308949.75
2019-04,1131669.25,176364.04,95530.52,35272.81,17636.4,13227.3,10083.06,3599652.42,4466795.58,1099053.54,907475.4,350280,2064150,1469700.32,12497490,13967190.32,96591.97,16558.62,22078.16,1379.89,1379.89,59865.79,349217.13,79821.06,4988.82,4988.82,497862.62,97143.93,6071.5,60714.95,3566.47,6241.33,27640.16,6687.14,445.81,0,0,0,0,130558.38,130558.38,0,0,0,0,0,0,0,0,0,0,0,0,679.33,2037.98,4755.3,21059.17,5094.96,339.66,0,0,0,0,0,0,187239.82,20804.42,9935.17,3311.72,317925.57,0,0,0,0,137988.53,498881.61,661792.99,44580.91,0,261116.76,0,0,33966.41,0,208044.25,13246.9,331172.47,2190790.82,51831.43,20510.48,19596,39355.31,32006.81,163300.04,16321281.18
2019-05,1747709.82,272370.36,147533.95,54474.07,27237.04,20427.78,15571.92,5559175.44,6898360.56,1697339.28,1401472.8,540960,3187800,2269753.01,19300680,21570433.01,149173.21,25572.55,34096.73,2131.05,2131.05,92454.61,539318.54,123272.81,7704.55,7704.55,768881.36,150025.63,9376.6,93766.02,5507.93,9638.88,42686.49,10327.38,688.49,0,0,0,0,201629.73,201629.73,0,0,0,0,0,0,0,0,0,0,0,0,1049.13,3147.39,7343.91,32523.04,7868.48,524.57,0,0,0,0,0,0,289166.53,32129.61,15343.53,5114.51,490992.97,0,0,0,0,213104.59,770455.05,1022049.61,68849.17,0,403259.45,0,0,52456.51,0,321296.15,20458.04,511451.01,3383379.59,80046.62,31675.66,30263.37,60778.94,49430.18,252194.78,25206007.38
2019-06,1049349.58,163535,88581.46,32707,16353.5,12265.12,9349.6,3337807.2,4141872.8,1019106.4,841464,324800,1914000,1362791.66,11588400,12951191.66,89565.7,15354.12,20472.16,1279.51,1279.51,55511.05,323814.44,74014.73,4625.92,4625.92,461647.19,90077.5,5629.84,56298.44,3307.04,5787.32,25629.57,6200.7,413.38,0,0,0,0,121061.33,121061.33,0,0,0,0,0,0,0,0,0,0,0,0,629.91,1889.74,4409.39,19527.29,4724.34,314.96,0,0,0,0,0,0,173619.66,19291.07,9212.47,3070.82,294799.09,0,0,0,0,127951,462592.06,613652.97,41338.01,0,242122.65,0,0,31495.63,0,192910.73,12283.3,307082.39,2031428.74,48061.12,19018.51,18170.56,36492.53,29678.57,151421.3,15134041.7
2019-07,479444.21,74718.58,40472.56,14943.72,7471.86,5603.89,4271.8,1525032.6,1892407.4,465626.2,384462,148400,874500,622654.81,5294700,5917354.81,40922.26,7015.24,9353.66,584.6,584.6,25362.81,147949.7,33817.07,2113.57,2113.57,210925.01,41156.1,2572.26,25722.56,1510.98,2644.21,11710.06,2833.08,188.87,0,0,0,0,55312.5,55312.5,0,0,0,0,0,0,0,0,0,0,0,0,287.8,863.41,2014.63,8921.95,2158.54,143.9,0,0,0,0,0,0,79326.22,8814.02,4209.15,1403.05,134692.69,0,0,0,0,58460.37,211356.72,280375.93,18887.2,0,110625,0,0,14390.24,0,88140.25,5612.2,140304.88,928152.79,21958.96,8689.49,8302.06,16673.31,13560.04,69183.87,6914691.47
2019-08,307567.98,47932.67,25963.53,9586.53,4793.27,3594.95,2740.4,978322.8,1213997.2,298703.6,246636,95200,561000,399438.94,3396600,3796038.94,26252.01,4500.35,6000.46,375.03,375.03,16270.48,94911.13,21693.97,1355.87,1355.87,135310.38,26402.03,1650.13,16501.27,969.31,1696.28,7512.11,1817.45,121.16,0,0,0,0,35483.49,35483.49,0,0,0,0,0,0,0,0,0,0,0,0,184.63,553.89,1292.41,5723.52,1384.72,92.31,0,0,0,0,0,0,50888.52,5654.28,2700.21,900.07,86406.63,0,0,0,0,37502.88,135587.33,179863.8,12116.31,0,70966.98,0,0,9231.48,0,56542.8,3600.28,90006.91,595418.77,14086.88,5574.39,5325.85,10696.09,8698.89,44382.1,4435839.81
2019-09,431499.78,67246.72,36425.31,13449.34,6724.67,5043.5,3844.62,1372529.34,1703166.66,419063.58,346015.8,133560,787050,560389.33,4765230,5325619.33,36830.03,6313.72,8418.29,526.14,526.14,22826.53,133154.73,30435.37,1902.21,1902.21,189832.51,37040.49,2315.03,23150.31,1359.88,2379.79,10539.06,2549.77,169.98,0,0,0,0,49781.25,49781.25,0,0,0,0,0,0,0,0,0,0,0,0,259.02,777.07,1813.17,8029.76,1942.68,129.51,0,0,0,0,0,0,71393.6,7932.62,3788.23,1262.74,121223.42,0,0,0,0,52614.33,190221.05,252338.33,16998.48,0,99562.5,0,0,12951.22,0,79326.22,5050.98,126274.4,835337.51,19763.06,7820.54,7471.86,15005.98,12204.03,62265.48,6223222.32
2019-10,352798.57,54981.59,29781.7,10996.32,5498.16,4123.62,3143.4,1122193.8,1392526.2,342630.6,282906,109200,643500,458179.96,3896100,4354279.96,30112.6,5162.16,6882.88,430.18,430.18,18663.2,108868.65,24884.26,1555.27,1555.27,155208.97,30284.68,1892.79,18927.92,1111.85,1945.74,8616.84,2084.72,138.98,0,0,0,0,40701.65,40701.65,0,0,0,0,0,0,0,0,0,0,0,0,211.78,635.34,1482.47,6565.21,1588.36,105.89,0,0,0,0,0,0,58372.13,6485.79,3097.3,1032.43,99113.49,0,0,0,0,43018.01,155526.64,206314.36,13898.13,0,81403.31,0,0,10589.05,0,64857.92,4129.73,103243.22,682980.35,16158.48,6394.16,6109.07,12269.04,9978.14,50908.88,5088169.19
2019-11,868427.24,135339.31,73308.79,27067.86,13533.93,10150.45,7737.6,2762323.2,3427756.8,843398.4,696384,268800,1584000,1127827.58,9590400,10718227.58,74123.34,12706.86,16942.48,1058.9,1058.9,45940.18,267984.37,61253.57,3828.35,3828.35,382052.85,74546.9,4659.18,46591.81,2736.86,4789.51,21210.68,5131.62,342.11,0,0,0,0,100188.68,100188.68,0,0,0,0,0,0,0,0,0,0,0,0,521.31,1563.92,3649.15,16160.52,3909.8,260.65,0,0,0,0,0,0,143685.23,15965.03,7624.11,2541.37,243971.66,0,0,0,0,105890.48,382834.81,507850.74,34210.77,0,200377.37,0,0,26065.35,0,159650.26,10165.49,254137.15,1681182.4,39774.72,15739.46,15037.7,30200.72,24561.58,125314.18,12524724.16
2019-12,114885.69,17904.26,9698.14,3580.85,1790.43,1342.82,1023.62,365432.34,453463.66,111574.58,92125.8,35560,209550,149202.19,1268730,1417932.19,9805.9,1681.01,2241.35,140.08,140.08,6077.5,35452.1,8103.34,506.46,506.46,50542.41,9861.93,616.37,6163.71,362.06,633.61,2806,678.87,45.26,0,0,0,0,13254.13,13254.13,0,0,0,0,0,0,0,0,0,0,0,0,68.96,206.89,482.75,2137.9,517.23,34.48,0,0,0,0,0,0,19008.36,2112.04,1008.61,336.2,32275.42,0,0,0,0,14008.43,50645.85,67184.42,4525.8,0,26508.26,0,0,3448.23,0,21120.4,1344.81,33620.23,222406.42,5261.86,2082.2,1989.36,3995.3,3249.29,16578.02,1656916.63
2020-01,1122797.72,174981.46,94781.63,34996.29,17498.15,13123.61,10004.02,3571433.56,4431778.9,1090437.7,900361.4,347534.04,2047968.45,1458178.86,12399518.07,13857696.93,95834.75,16428.82,21905.09,1369.07,1369.07,59396.49,346479.5,79195.31,4949.71,4949.71,493959.71,96382.38,6023.9,60238.99,3538.51,6192.4,27423.48,6634.71,442.31,0,0,0,0,129534.89,129534.89,0,0,0,0,0,0,0,0,0,0,0,0,674,2022.01,4718.02,20894.08,5055.02,337,0,0,0,0,0,0,185771.99,20641.33,9857.29,3285.76,315433.25,0,0,0,0,136906.79,494970.71,656604.98,44231.43,0,259069.78,0,0,33700.13,0,206413.32,13143.05,328576.3,2173616.49,51425.11,20349.7,19442.38,39046.79,31755.9,162019.87,16193333.29
2020-02,111400.76,17361.16,9403.96,3472.23,1736.12,1302.09,992.57,354347.37,439708.36,108190.09,89331.27,34481.33,203193.54,144676.31,1230244.52,1374920.84,485331.36,485331.36,2173.36,135.83,135.83,5893.15,34376.7,7857.53,491.1,491.1,49009.26,9562.78,597.67,5976.74,351.08,614.39,2720.88,658.28,43.89,0,0,0,0,12852.08,12852.08,0,0,0,0,0,0,0,0,0,0,0,0,66.87,200.62,468.11,2073.05,501.54,33.44,0,0,0,0,0,0,18431.76,2047.97,978.01,326,31296.38,0,0,0,0,13583.5,49109.57,65146.46,4388.51,0,25704.16,0,0,3343.63,0,20479.74,1304.02,32600.4,215659.98,5102.25,2019.04,1929.02,3874.11,3150.73,16075.15,1606655.96
2020-03,1340298.04,208877.62,113142.04,41775.52,20887.76,15665.82,11941.92,4263266.04,5290271.3,1301669.46,1074772.95,414855.84,2444686.2,1740646.8,14801463.72,16542110.52,28508.98,28508.98,26148.38,1634.27,1634.27,70902.35,413597.02,94536.46,5908.53,5908.53,589646.04,115052.89,7190.81,71908.05,4223.97,7391.95,32735.76,7919.94,528,0,0,0,0,154627.46,154627.46,0,0,0,0,0,0,0,0,0,0,0,0,804.57,2413.7,5631.96,24941.53,6034.24,402.28,0,0,0,0,0,0,221758.4,24639.82,11766.77,3922.26,376536.72,0,0,0,0,163427.39,590852.89,783797.78,52799.62,0,309254.91,0,0,40228.28,0,246398.22,15689.03,392225.75,2594673.88,61386.81,24291.69,23208.62,46610.65,37907.42,193405.2,19330189.6
2020-04,1135516.92,176963.68,95855.32,35392.74,17696.37,13272.28,10117.34,3611891.24,4481982.68,1102790.32,910560.82,351470.95,2071168.11,1474697.3,12539981.47,14014678.77,49890.71,49890.71,22153.23,1384.58,1384.58,60069.34,350404.46,80092.45,5005.78,5005.78,499555.35,97474.21,6092.14,60921.38,3578.6,6262.55,27734.14,6709.87,447.32,0,0,0,0,131002.28,131002.28,0,0,0,0,0,0,0,0,0,0,0,0,681.64,2044.91,4771.47,21130.77,5112.28,340.82,0,0,0,0,0,0,187876.44,20875.16,9968.95,3322.98,319006.52,0,0,0,0,138457.69,500577.81,664043.09,44732.48,0,262004.55,0,0,34081.89,0,208751.6,13291.94,332298.46,2198239.51,52007.66,20580.22,19662.63,39489.12,32115.63,163855.26,16376773.53
2020-05,1757322.22,273868.4,148345.38,54773.68,27386.84,20540.13,15657.57,5589750.9,6936301.54,1706674.65,1409180.9,543935.28,3205332.9,2282236.65,19406833.74,21689070.39,220944.56,220944.56,34284.27,2142.77,2142.77,92963.11,542284.79,123950.81,7746.93,7746.93,773110.2,150850.77,9428.17,94281.73,5538.23,9691.9,42921.26,10384.18,692.28,0,0,0,0,202738.69,202738.69,0,0,0,0,0,0,0,0,0,0,0,0,1054.9,3164.7,7384.3,32701.92,7911.75,527.45,0,0,0,0,0,0,290756.95,32306.33,15427.92,5142.64,493693.43,0,0,0,0,214276.66,774692.55,1027670.88,69227.85,0,405477.38,0,0,52745.02,0,323063.28,20570.56,514263.99,3401988.17,80486.88,31849.88,30429.82,61113.23,49702.04,253581.85,25344640.42
2020-06,1049968.7,163631.49,88633.72,32726.3,16363.15,12272.36,9355.12,3339776.51,4144316.5,1019707.67,841960.46,324991.63,1915129.26,1363595.71,11595237.16,12958832.87,53454.33,53454.33,20484.24,1280.26,1280.26,55543.8,324005.49,74058.4,4628.65,4628.65,461919.56,90130.65,5633.17,56331.65,3308.99,5790.74,25644.69,6204.36,413.62,0,0,0,0,121132.75,121132.75,0,0,0,0,0,0,0,0,0,0,0,0,630.28,1890.85,4411.99,19538.81,4727.13,315.14,0,0,0,0,0,0,173722.09,19302.45,9217.91,3072.64,294973.02,0,0,0,0,128026.49,462864.99,614015.03,41362.4,0,242265.5,0,0,31514.21,0,193024.55,12290.54,307263.57,2032627.28,48089.48,19029.74,18181.28,36514.06,29696.08,151510.63,15142970.78
2020-07,479460.51,74721.12,40473.94,14944.22,7472.11,5604.08,4271.95,1525084.45,1892471.74,465642.03,384475.07,148405.05,874529.73,622675.98,5294880.02,5917556,3563.62,3563.62,9353.98,584.62,584.62,25363.67,147954.73,33818.22,2113.64,2113.64,210932.18,41157.5,2572.34,25723.44,1511.03,2644.3,11710.46,2833.18,188.88,0,0,0,0,55314.38,55314.38,0,0,0,0,0,0,0,0,0,0,0,0,287.81,863.44,2014.7,8922.25,2158.61,143.91,0,0,0,0,0,0,79328.92,8814.32,4209.29,1403.1,134697.27,0,0,0,0,58462.36,211363.9,280385.46,18887.84,0,110628.77,0,0,14390.73,0,88143.24,5612.39,140309.65,928184.34,21959.71,8689.79,8302.35,16673.88,13560.5,69186.22,6914926.56
2019-08,307673.94,47949.19,25972.48,9589.84,4794.92,3596.19,2741.34,978659.83,1214415.42,298806.5,246720.97,95232.8,561193.26,399576.54,3397770.13,3797346.67,638058.01,638058.01,6002.53,375.16,375.16,16276.08,94943.83,21701.45,1356.34,1356.34,135357,26411.12,1650.7,16506.95,969.64,1696.87,7514.7,1818.07,121.2,0,0,0,0,35495.72,35495.72,0,0,0,0,0,0,0,0,0,0,0,0,184.69,554.08,1292.85,5725.49,1385.2,92.35,0,0,0,0,0,0,50906.05,5656.23,2701.14,900.38,86436.4,0,0,0,0,37515.8,135634.04,179925.77,12120.49,0,70991.43,0,0,9234.66,0,56562.28,3601.52,90037.91,595623.89,14091.73,5576.31,5327.69,10699.77,8701.89,44397.39,4437367.95
2020-09,431509.71,67248.27,36426.14,13449.65,6724.83,5043.62,3844.71,1372560.91,1703205.83,419073.22,346023.76,133563.07,787068.1,560402.22,4765339.6,5325741.82,39878.63,39878.63,8418.49,526.16,526.16,22827.05,133157.79,30436.07,1902.25,1902.25,189836.87,37041.34,2315.08,23150.84,1359.91,2379.84,10539.3,2549.83,169.99,0,0,0,0,49782.4,49782.4,0,0,0,0,0,0,0,0,0,0,0,0,259.03,777.09,1813.21,8029.94,1942.73,129.52,0,0,0,0,0,0,71395.24,7932.8,3788.32,1262.77,121226.21,0,0,0,0,52615.54,190225.42,252344.14,16998.87,0,99564.79,0,0,12951.52,0,79328.05,5051.09,126277.3,835356.72,19763.52,7820.72,7472.03,15006.33,12204.32,62266.91,6223365.45
2020-10,352802.8,54982.25,29782.05,10996.45,5498.23,4123.67,3143.44,1122207.27,1392542.91,342634.71,282909.39,109201.31,643507.72,458185.45,3896146.75,4354332.21,39878.63,39878.63,6882.96,430.19,430.19,18663.42,108869.95,24884.56,1555.29,1555.29,155210.83,30285.04,1892.82,18928.15,1111.86,1945.76,8616.94,2084.74,138.98,0,0,0,0,40702.14,40702.14,0,0,0,0,0,0,0,0,0,0,0,0,211.78,635.35,1482.48,6565.29,1588.38,105.89,0,0,0,0,0,0,58372.83,6485.87,3097.33,1032.44,99114.68,0,0,0,0,43018.52,155528.51,206316.84,13898.29,0,81404.28,0,0,10589.17,0,64858.7,4129.78,103244.46,682988.55,16158.67,6394.23,6109.14,12269.19,9978.26,50909.49,5088230.25
2020-11,868617.51,135368.96,73324.85,27073.79,13536.9,10152.67,7739.3,2762928.43,3428507.82,843583.19,696536.58,268858.89,1584347.05,1128074.69,9592501.26,10720575.95,3979717.16,3979717.16,16946.19,1059.14,1059.14,45950.24,268043.08,61266.99,3829.19,3829.19,382136.56,74563.23,4660.2,46602.02,2737.46,4790.56,21215.32,5132.74,342.18,0,0,0,0,100210.64,100210.64,0,0,0,0,0,0,0,0,0,0,0,0,521.42,1564.26,3649.95,16164.06,3910.66,260.71,0,0,0,0,0,0,143716.72,15968.52,7625.78,2541.93,244025.12,0,0,0,0,105913.68,382918.69,507962.01,34218.27,0,200421.27,0,0,26071.06,0,159685.24,10167.71,254192.83,1681550.75,39783.43,15742.91,15041,30207.33,24566.96,125341.63,12527468.33
2020-12,114888.79,17904.75,9698.4,3580.95,1790.47,1342.86,1023.65,365442.21,453475.9,111577.59,92128.29,35560.96,209555.66,149206.22,1268764.26,1417970.47,776530.18,776530.18,2241.41,140.09,140.09,6077.67,35453.06,8103.56,506.47,506.47,50543.77,9862.2,616.39,6163.87,362.07,633.63,2806.07,678.89,45.26,0,0,0,0,13254.49,13254.49,0,0,0,0,0,0,0,0,0,0,0,0,68.97,206.9,482.77,2137.96,517.25,34.48,0,0,0,0,0,0,19008.87,2112.1,1008.63,336.21,32276.29,0,0,0,0,14008.81,50647.22,67186.23,4525.92,0,26508.97,0,0,3448.32,0,21120.97,1344.85,33621.13,222412.43,5262.01,2082.26,1989.42,3995.41,3249.38,16578.47,1656961.37
2021-01,1233954.69,192304.63,104165.01,38460.93,19230.46,14422.85,10994.41,3925005.48,4870525.01,1198391.03,989497.18,381939.91,2250717.33,1602538.56,13627070.36,15229608.92,105322.4,18055.27,24073.69,1504.61,1504.61,65276.74,380780.97,87035.65,5439.73,5439.73,542861.72,105924.24,6620.26,66202.65,3888.83,6805.45,30138.41,7291.55,486.1,0,0,0,0,142358.84,142358.84,0,0,0,0,0,0,0,0,0,0,0,0,740.73,2222.19,5185.1,22962.6,5555.47,370.36,0,0,0,0,0,0,204163.41,22684.82,10833.16,3611.05,346661.14,0,0,0,0,150460.57,543972.81,721608.87,48610.34,0,284717.68,0,0,37036.45,0,226848.24,14444.21,361105.36,2388804.52,56516.19,22364.32,21367.18,42912.42,34899.73,178059.84,17796473.29
2021-02,179912.23,28038.27,15187.4,5607.65,2803.83,2102.87,1603,572271,710129,174727,144270,55687.34,328157.57,233652.24,1986844.91,2220497.15,783810.15,783810.15,3509.98,219.37,219.37,9517.43,55518.37,12689.91,793.12,793.12,79149.96,15443.89,965.24,9652.43,567,992.24,4394.22,1063.12,70.87,0,0,0,0,20756.11,20756.11,0,0,0,0,0,0,0,0,0,0,0,0,108,324,755.99,3347.98,809.99,54,0,0,0,0,0,0,29767.3,3307.48,1579.49,526.5,50543.65,0,0,0,0,21937.35,79311.96,105211.53,7087.45,0,41512.22,0,0,5399.96,0,33074.77,2105.99,52649.64,348290.86,8240.14,3260.75,3115.36,6256.69,5088.43,25961.36,2594749.38
2021-03,2578733.42,401880.53,217685.29,80376.11,40188.05,30141.04,22976.26,8202523.86,10178481.99,2504412.05,2067863.16,798182.64,4703576.25,3349004.44,28478016.2,31827020.64,54851.27,54851.27,50309.49,3144.34,3144.34,136416.11,795760.67,181888.15,11368.01,11368.01,1134478.98,221361.75,13835.11,138351.09,8126.92,14222.11,62983.61,15237.97,1015.86,0,0,0,0,297503.23,297503.23,0,0,0,0,0,0,0,0,0,0,0,0,1547.98,4643.95,10835.89,47987.51,11609.88,773.99,0,0,0,0,0,0,426663.17,47407.02,22639.27,7546.42,724456.64,0,0,0,0,314434.31,1136800.95,1508026.93,101586.47,0,595006.46,0,0,77399.21,0,474070.18,30185.69,754642.33,4992152.54,118108.22,46737.22,44653.39,89678.9,72933.87,372111.6,37191284.78
2021-04,2043930.46,318534.62,172539.58,63706.92,31853.46,23890.1,18211.22,6501404.23,8067568.83,1985022.58,1639009.47,632647.71,3728102.6,2654455.14,22571966.64,25226421.78,89803.27,89803.27,39875.82,2492.24,2492.24,108124.81,630728.04,144166.41,9010.4,9010.4,899199.63,175453.59,10965.85,109658.49,6441.48,11272.59,49921.45,12077.77,805.18,0,0,0,0,235804.1,235804.1,0,0,0,0,0,0,0,0,0,0,0,0,1226.95,3680.84,8588.64,38035.39,9202.11,613.47,0,0,0,0,0,0,338177.59,37575.29,17944.12,5981.37,574211.74,0,0,0,0,249223.84,901040.05,1195277.56,80518.47,0,471608.2,0,0,61347.41,0,375752.87,23925.49,598137.23,3956831.12,93613.78,37044.4,35392.74,71080.41,57808.13,294939.46,29478192.36
2021-05,3512887.13,547462.93,296542.42,109492.59,54746.29,41059.72,31299.47,11173912.06,13865666.78,3411642.62,2816952.62,1087326.62,6407460.47,4562191.07,38794260.65,43356451.72,441668.17,441668.17,68534.25,4283.39,4283.39,185833.25,1084027.29,247777.67,15486.1,15486.1,1545447.29,301550.69,18846.92,188469.18,11070.92,19374.1,85799.61,20757.97,1383.86,0,0,0,0,405274.64,405274.64,0,0,0,0,0,0,0,0,0,0,0,0,2108.75,6326.24,14761.22,65371.13,15815.6,1054.37,0,0,0,0,0,0,581223.14,64580.35,30840.41,10280.14,986893.17,0,0,0,0,428339.05,1548610.41,2054314.09,138386.46,0,810549.28,0,0,105437.3,0,645803.49,41120.55,1028013.72,6800574.36,160893.27,63667.91,60829.21,122165.34,99354.38,506910.12,50663936.2
2021-06,2006490.18,312699.77,169379.04,62539.95,31269.98,23452.48,17877.63,6382312.9,7919788.84,1948661.36,1608986.45,621059.01,3659812.02,2605831.4,22158498.21,24764329.61,102151.22,102151.22,39145.38,2446.59,2446.59,106144.2,619174.5,141525.6,8845.35,8845.35,882728.28,172239.67,10764.98,107649.79,6323.48,11066.1,49007,11856.53,790.44,0,0,0,0,231484.69,231484.69,0,0,0,0,0,0,0,0,0,0,0,0,1204.47,3613.42,8431.31,37338.67,9033.55,602.24,0,0,0,0,0,0,331982.92,36886.99,17615.42,5871.81,563693.45,0,0,0,0,244658.62,884534.99,1173382.72,79043.55,0,462969.38,0,0,60223.66,0,368869.91,23487.23,587180.68,3884350.73,91898.99,36365.82,34744.42,69778.37,56749.22,289536.82,28938217.16
2021-07,905221.44,141073.47,76414.8,28214.69,14107.35,10580.51,8065.43,2879359.44,3572986.65,879132.16,725888.94,280188.73,1651112.14,1175612.25,9996733.48,11172345.73,6728.12,6728.12,17660.31,1103.77,1103.77,47886.61,279338.53,63848.81,3990.55,3990.55,398239.96,77705.36,4856.58,48565.85,2852.82,4992.43,22109.35,5349.04,356.6,0,0,0,0,104433.56,104433.56,0,0,0,0,0,0,0,0,0,0,0,0,543.39,1630.18,3803.76,16845.22,4075.46,271.7,0,0,0,0,0,0,149773,16641.44,7947.14,2649.05,254308.44,0,0,0,0,110376.93,399055.05,529367.75,35660.24,0,208867.11,0,0,27169.71,0,166414.45,10596.19,264904.63,1752412.04,41459.93,16406.32,15674.83,31480.28,25602.22,130623.58,13055381.35
2021-08,430743.51,67128.86,36361.47,13425.77,6712.89,5034.66,3837.88,1370123.77,1700181.59,418329.1,345409.35,133325.91,785670.57,559407.16,4756878.18,5316285.34,893281.22,0,8403.54,525.22,525.22,22786.52,132921.36,30382.02,1898.88,1898.88,189499.8,36975.57,2310.97,23109.73,1357.49,2375.62,10520.58,2545.3,169.69,0,0,0,0,49694,49694,0,0,0,0,0,0,0,0,0,0,0,0,258.57,775.71,1809.99,8015.68,1939.28,129.29,0,0,0,0,0,0,71268.47,7918.72,3781.59,1260.53,121010.96,0,0,0,0,52522.12,189887.65,251896.07,16968.68,0,99388.01,0,0,12928.52,0,79187.19,5042.12,126053.08,833873.45,19728.43,7806.84,7458.76,14979.68,12182.64,62156.35,6212315.14
2021-09,819868.45,127771.71,69209.67,25554.34,12777.17,9582.88,7304.95,2607865.73,3236091.08,796239.12,657445.14,253769.84,1495429.39,1064764.22,9054145.24,10118909.46,75769.39,0,15995.12,999.7,999.7,43371.4,252999.81,57828.53,3614.28,3614.28,360690.06,70378.55,4398.66,43986.59,2583.83,4521.7,20024.67,4844.68,322.98,0,0,0,0,94586.55,94586.55,0,0,0,0,0,0,0,0,0,0,0,0,492.16,1476.47,3445.1,15256.89,3691.18,246.08,0,0,0,0,0,0,135650.96,15072.33,7197.81,2399.27,230329.8,0,0,0,0,99969.53,361428.3,479453.86,32297.85,0,189173.11,0,0,24607.88,0,150723.29,9597.07,239926.87,1587177.77,37550.68,14859.38,14196.86,28512.02,23188.2,118307.14,11824394.36
2021-10,438886.68,68397.92,37048.88,13679.58,6839.79,5129.84,3910.44,1396025.84,1732323.38,426237.58,351939.29,135846.43,800523.61,569982.7,4846806.56,5416789.27,49609.01,0,8562.41,535.15,535.15,23217.3,135434.22,30956.39,1934.77,1934.77,193082.27,37674.59,2354.66,23546.62,1383.16,2420.53,10719.47,2593.42,172.89,0,0,0,0,50633.46,50633.46,0,0,0,0,0,0,0,0,0,0,0,0,263.46,790.38,1844.21,8167.22,1975.94,131.73,0,0,0,0,0,0,72615.8,8068.42,3853.08,1284.36,123298.66,0,0,0,0,53515.04,193477.46,256658.15,17289.48,0,101266.93,0,0,13172.93,0,80684.22,5137.44,128436.1,849637.75,20101.39,7954.43,7599.77,15262.87,12412.96,63331.41,6329758.43
2021-11,1061450.6,165420.87,89602.97,33084.17,16542.09,12406.57,9457.42,3376298.54,4189636.56,1030858.66,851167.7,328545.57,1936072.1,1378507.27,11722036.54,13100543.81,4863214.37,0,20708.24,1294.27,1294.27,56151.2,327548.64,74868.26,4679.27,4679.27,466970.87,91116.27,5694.77,56947.67,3345.18,5854.06,25925.13,6272.21,418.15,0,0,0,0,122457.4,122457.4,0,0,0,0,0,0,0,0,0,0,0,0,637.18,1911.53,4460.24,19752.48,4778.83,318.59,0,0,0,0,0,0,175621.83,19513.54,9318.71,3106.24,298198.69,0,0,0,0,129426.52,467926.64,620729.57,41814.72,0,244914.79,0,0,31858.83,0,195135.36,12424.95,310623.64,2054855.02,48615.36,19237.83,18380.1,36913.36,30020.83,153167.47,15308566.3
2021-12,149493.29,23297.66,12619.56,4659.53,2329.77,1747.32,1331.97,475513.4,590062.85,145184.76,119877.33,46271.92,272673.82,194147.13,1650916.05,1845063.18,1010421.07,0,2916.52,182.28,182.28,7908.26,46131.52,10544.35,659.02,659.02,65767.56,12832.69,802.04,8020.43,471.13,824.48,3651.26,883.37,58.89,0,0,0,0,17246.74,17246.74,0,0,0,0,0,0,0,0,0,0,0,0,89.74,269.22,628.17,2781.91,673.04,44.87,0,0,0,0,0,0,24734.34,2748.26,1312.43,437.48,41997.91,0,0,0,0,18228.26,65902.17,87422.73,5889.13,0,34493.47,0,0,4486.96,0,27482.61,1749.91,43747.82,289403.05,6846.92,2709.43,2588.63,5198.83,4228.09,21571.9,2156038.14